doc	state	draw_count	error	doc_id_match
activity_rings	rendered	13		OK
anchored_text	rendered	16		OK
attribute_string	rendered	28		OK
base	rendered	12		OK
battery_radial_gauge	rendered	11		OK
bitmap_font_watch	rendered	85		OK
c_box	rendered	1		OK
c_collapsible_column	rendered	3		OK
c_collapsible_row	rendered	3		OK
c_column	rendered	4		OK
c_fit_box	rendered	3		OK
c_flow	rendered	11		OK
c_image	rendered	1		OK
c_modifier_align_by_baseline	rendered	3		OK
c_modifier_background	rendered	2		OK
c_modifier_background_id	rendered	1		OK
c_modifier_border	rendered	2		OK
c_modifier_clip_circle	rendered	1		OK
c_modifier_clip_rect	rendered	1		OK
c_modifier_clip_rounded_rect	rendered	1		OK
c_modifier_collapsible_priority	rendered	3		OK
c_modifier_component_id	rendered	1		OK
c_modifier_compute_measure	rendered	1		OK
c_modifier_compute_position	rendered	2		OK
c_modifier_dynamic_border	rendered	1		OK
c_modifier_fill_max_height	rendered	1		OK
c_modifier_fill_max_size	rendered	1		OK
c_modifier_fill_max_width	rendered	1		OK
c_modifier_fill_parent_max_height	rendered	2		OK
c_modifier_fill_parent_max_size	rendered	1		OK
c_modifier_fill_parent_max_width	rendered	2		OK
c_modifier_height	rendered	1		OK
c_modifier_height_in	rendered	2		OK
c_modifier_horizontal_scroll	rendered	41		OK
c_modifier_horizontal_weight	rendered	2		OK
c_modifier_on_click	rendered	2		OK
c_modifier_on_touch_cancel	rendered	2		OK
c_modifier_on_touch_down	rendered	2		OK
c_modifier_on_touch_up	rendered	2		OK
c_modifier_padding	rendered	3		OK
c_modifier_size	rendered	2		OK
c_modifier_spaced_by	rendered	3		OK
c_modifier_vertical_scroll	rendered	21		OK
c_modifier_vertical_weight	rendered	2		OK
c_modifier_visibility	rendered	1		OK
c_modifier_width	rendered	1		OK
c_modifier_wrap_content_height	rendered	2		OK
c_modifier_wrap_content_size	rendered	2		OK
c_modifier_wrap_content_width	rendered	2		OK
c_modifier_zindex	rendered	2		OK
c_row	rendered	4		OK
c_state_layout	rendered	2		OK
c_text	rendered	3		OK
c_text_auto_size	rendered	2		OK
calendar_heatmap_grid	rendered	52		OK
clock	rendered	5		OK
clock_demo1_clock1	rendered	84		OK
clock_demo2_jancy_clock2	rendered	84		OK
clock_demo2_jclock2	rendered	235		OK
cm_odifier_width_in	rendered	2		OK
color	rendered	10		OK
color_list	rendered	572		OK
color_table	rendered	593		OK
color_theme	rendered	590		OK
count_down	rendered	9		OK
countdown	rendered	4		OK
cube3d	rendered	3		OK
demo_bitmap_drawing_bit_draw1	rendered	68		OK
demo_bitmap_drawing_bit_draw2	rendered	67		OK
demo_flick_flick_test	rendered	10		OK
demo_graphs0	rendered	69		OK
demo_graphs1	rendered	92		OK
demo_path_expression_path_test1	rendered	9		OK
demo_path_expression_path_test2	rendered	7		OK
demo_path_expression_path_test3	rendered	7		OK
demo_text_transform	rendered	5		OK
demo_use_of_global	rendered	4		OK
demo_winding_rule_path_winding	rendered	10		OK
digital_clock1	rendered	28		OK
experimental_fancy_clock	rendered	81		OK
experimental_gmt	rendered	111		OK
experimental_solar_gmt	rendered	126		OK
experimental_sweep_clock1	rendered	84		OK
fancy_clock2	rendered	84		OK
fancy_clocks_fancy_clock1	rendered	81		OK
fancy_clocks_fancy_clock2	rendered	81		OK
fancy_clocks_fancy_clock3	rendered	81		OK
flow_control_checks_flow_control_checks1	rendered	1		OK
flow_control_checks_flow_control_checks2	rendered	1		OK
flow_control_checks_test_conditional	rendered	3		OK
good_pie_chart	rendered	11		OK
graph_graph1	rendered	54		OK
graph_graph2	rendered	32		OK
haptic_demo_demo_haptic1	rendered	44		OK
heart_rate_timeline	rendered	13		OK
hostile_actor1	rendered	101		OK
hostile_actor1_c	rendered	62		OK
hydration_wave	rendered	8		OK
impulse_demo_confetti_demo	rendered	102		OK
impulse_demo_hearts_demo	rendered	52		OK
indexing_demo_path_index	rendered	4		OK
linear_regression	rendered	151		OK
maze	rendered	7		OK
maze1	rendered	7		OK
maze2	rendered	126		OK
moon_phase_dial	rendered	16		OK
moon_phases	rendered	5		OK
particle	rendered	83		OK
path_demo_path2	rendered	2		OK
path_demo_path_tween_demo	rendered	5		OK
path_demo_remote_construction	rendered	2		OK
path_procedural_checks_all_path	rendered	1		OK
path_procedural_checks_basic_path	rendered	1		OK
paths_demos	rendered	91		OK
pie_chart	rendered	26		OK
pie_chart2	rendered	16		OK
player_info	rendered	57		OK
plot2	rendered	3		OK
plot3	rendered	3		OK
plot4	rendered	3		OK
plot_wave	rendered	123		OK
pressure_gauge	rendered	62		OK
procedure_center_text1	rendered	3		OK
procedure_gradient1	rendered	2		OK
procedure_gradient2	rendered	2		OK
procedure_gradient3	rendered	2		OK
procedure_gradient4	rendered	2		OK
procedure_look_up1	rendered	3		OK
procedure_simple1	rendered	1		OK
procedure_simple2	rendered	1		OK
procedure_simple3	rendered	1		OK
procedure_simple4	rendered	1		OK
procedure_simple5	rendered	1		OK
procedure_simple6	rendered	5		OK
procedure_simple_clock_fast	rendered	2		OK
procedure_simple_clock_slow	rendered	2		OK
procedure_text_path_effects	rendered	4		OK
procedure_version	rendered	3		OK
sensor_demo_acc_sensor1	rendered	6		OK
sensor_demo_compass	rendered	3		OK
sensor_demo_gyro_sensor1	rendered	4		OK
sensor_demo_light_sensor1	rendered	7		OK
sensor_demo_mag_sensor1	rendered	6		OK
server_clock	rendered	4		OK
shader_calendar	rendered-visual	n/a		TALL-HOOKS-OFFSCREEN(visually verified render OK)
simple_java_anim	rendered	1		OK
sleep_quality_rings	rendered	19		OK
small_animated	rendered	1		OK
spline_demo_spline_demo1	rendered	1		OK
spread_sheet	rendered	66		OK
step_progress_arc	rendered	13		OK
stock	rendered	42		OK
stock_sparkline	rendered	8		OK
stop_absolute_pos	rendered	7		OK
stop_ends	rendered	7		OK
stop_gently	rendered	7		OK
stop_instantly	rendered	7		OK
stop_notches_absolute	rendered	11		OK
stop_notches_even	rendered	18		OK
stop_notches_percents	rendered	14		OK
text_baseline	rendered	19		OK
text_refresh_bug	rendered	8		OK
texture_demo_basic_texture	rendered	2		OK
texture_demo_texture_clock	rendered	5		OK
texture_demo_texture_clock_test	rendered	5		OK
themed_plot1	rendered	8		OK
thumb_wheel1	rendered	13		OK
thumb_wheel2	rendered	34		OK
touch1	rendered	4		OK
touch2	rendered	5		OK
touch_wrap	rendered	5		OK
wake_demo_wake_clock	rendered	5		OK
weather_forecast_bars	rendered	53		OK
